{"cameraMode":{"drawMode":0,"name":"Shaded","section":"Shading Mode"},"sceneLighting":true,"audioPlay":false,"sceneViewState":{"m_AlwaysRefresh":false,"showFog":true,"showSkybox":true,"showFlares":true,"showImageEffects":true,"showParticleSystems":true,"showVisualEffectGraphs":true,"m_FxEnabled":true},"in2DMode":false,"pivot":{"x":10.271703720092774,"y":-0.06177175045013428,"z":-2.9758551120758058},"rotation":{"x":0.1916256546974182,"y":-0.3017827570438385,"z":0.06205766275525093,"w":0.9318643808364868},"size":2.9926047325134279,"orthographic":false}